State,Lat,Long,Changes,Group,StationID
AL,31.0583,-87.055,-12.64705882,twenty,0001
AL,30.5467,-87.8808,0,zero,0002
AL,32.8347,-88.1342,16.59491218,twenty,0003
AL,32.7019,-87.5814,0,zero,0004
AL,31.8814,-86.2503,0,zero,0005
AL,34.1736,-86.8133,0,zero,0006
AL,34.6736,-86.0536,0,zero,0007
AL,32.4111,-87.0144,0,zero,0008
AL,33.4164,-86.135,0,zero,0009
AL,31.9172,-87.7347,0,zero,0010
AL,31.8075,-85.9722,0,zero,0011
AL,32.0142,-85.7464,-19.24008407,twenty,0012
AL,34.5686,-85.6064,-18.17263427,twenty,0013
AZ,32.3697,-112.86,0,zero,0014
AZ,33.3761,-112.5828,11.33622876,twenty,0015
AZ,33.2058,-111.6819,12.04708802,twenty,0016
AZ,34.3494,-111.6981,0,zero,0017
AZ,35.2681,-111.7428,0,zero,0018
AZ,34.9094,-110.1544,0,zero,0019
AZ,36.8644,-111.6022,0,zero,0020
AZ,33.4044,-110.87,24.41711587,thirty,0021
AZ,34.1547,-114.2897,-4.927224951,ten,0022
AZ,31.9356,-109.8378,-8.098439142,ten,0023
AZ,34.5706,-112.4322,11.41943734,twenty,0024
AZ,33.6731,-111.1508,13.73657289,twenty,0025
AZ,33.0722,-111.7661,0,zero,0026
AZ,32.815,-109.6808,0,zero,0027
AZ,34.5172,-109.4028,0,zero,0028
AZ,35.3322,-112.8797,0,zero,0029
AZ,31.7119,-110.0686,8.363237623,ten,0030
AZ,32.2292,-110.9536,-8.408974715,ten,0031
AZ,33.8214,-109.9839,-8.101292824,ten,0032
AZ,33.9792,-112.7403,0,zero,0033
AZ,35.2414,-112.1928,13.56674658,twenty,0034
AZ,32.6114,-114.635,-6.950700854,ten,0035
AR,34.8822,-91.2153,-21.05314075,thirty,0036
AR,35.0833,-92.4294,0,zero,0037
AR,36.4197,-90.5858,-13.80690537,twenty,0038
AR,36.4164,-93.7917,0,zero,0039
AR,36.1006,-94.1744,0,zero,0040
AR,36.4261,-94.4481,0,zero,0041
AR,36.4947,-91.535,-10.75258501,twenty,0042
AR,34.5731,-94.2494,0,zero,0043
AR,35.6042,-91.2744,-14.0230179,twenty,0044
AR,34.2256,-92.0189,0,zero,0045
AR,36.2642,-90.9683,-15.0741688,twenty,0046
AR,33.8203,-93.3878,-13.8758029,twenty,0047
AR,33.8103,-91.2778,0,zero,0048
AR,35.3028,-93.6369,0,zero,0049
CA,37.8744,-122.2606,20.24007847,thirty,0050
CA,33.6131,-114.5972,0,zero,0051
CA,32.9544,-115.5581,0,zero,0052
CA,41.5306,-120.1803,0,zero,0053
CA,39.6911,-121.8211,-8.438618926,ten,0054
CA,32.64,-117.0858,36.49616368,over30,0055
CA,39.0911,-120.9481,0,zero,0056
CA,32.9897,-116.5872,0,zero,0057
CA,38.535,-121.7761,0,zero,0058
CA,36.4622,-116.8669,28.04235209,thirty,0059
CA,34.705,-118.4297,13.04969335,twenty,0060
CA,39.5092,-123.7567,14.18289006,twenty,0061
CA,36.3158,-119.6369,0,zero,0062
CA,41.8042,-123.3758,-21.06265985,thirty,0063
CA,38.6175,-122.8731,0,zero,0064
CA,36.7981,-118.2036,32.13554987,over30,0065
CA,33.7086,-116.2153,0,zero,0066
CA,39.3183,-120.6392,16.24242424,twenty,0067
CA,36.3817,-119.0264,0,zero,0068
CA,37.6922,-121.7692,0,zero,0069
CA,38.1061,-121.2878,0,zero,0070
CA,39.1458,-121.5853,0,zero,0071
CA,37.2858,-120.5117,0,zero,0072
CA,41.3206,-122.3081,0,zero,0073
CA,38.2778,-122.2647,7.533248082,ten,0074
CA,33.6025,-117.8803,0,zero,0075
CA,34.4478,-119.2275,0,zero,0076
CA,39.7458,-122.1997,-11.74808184,twenty,0077
CA,41.3089,-123.5317,-15.99744246,twenty,0078
CA,34.1483,-118.1447,16.47570332,twenty,0079
CA,35.6278,-120.6856,0,zero,0080
CA,38.2578,-122.6078,0,zero,0081
CA,39.9367,-120.9475,0,zero,0082
CA,34.0528,-117.1894,0,zero,0083
CA,35.3056,-120.6619,9.202046036,ten,0084
CA,34.4167,-119.6844,0,zero,0085
CA,36.9906,-121.9911,0,zero,0086
CA,38.4381,-122.6978,-8.808391608,ten,0087
CA,40.4167,-120.6631,-11.6384834,twenty,0088
CA,39.1678,-120.1428,16.64961637,twenty,0089
CA,35.0233,-118.7497,7.456521739,ten,0090
CA,33.7025,-117.7539,0,zero,0091
CA,39.1467,-123.2103,-24.19086538,thirty,0092
CA,38.3956,-121.9608,0,zero,0093
CA,35.5892,-119.3519,6.141943734,ten,0094
CA,40.7222,-122.9331,8.997478056,ten,0095
CA,39.5231,-122.3058,0,zero,0096
CA,37.75,-119.5897,-11.00255754,twenty,0097
CA,41.7036,-122.6408,12.46675192,twenty,0098
CO,39.9919,-105.2667,0,zero,0099
CO,38.46,-105.2256,0,zero,0100
CO,39.2203,-105.2783,0,zero,0101
CO,38.8219,-102.3508,8.276214834,ten,0102
CO,37.6908,-106.3083,0,zero,0103
CO,39.6261,-106.0353,0,zero,0104
CO,38.4758,-102.7769,0,zero,0105
CO,40.6147,-105.1314,13.54475703,twenty,0106
CO,40.26,-103.8156,0,zero,0107
CO,39.1653,-108.7331,0,zero,0108
CO,38.5253,-106.9672,-16.43149151,twenty,0109
CO,37.7717,-107.1097,11.80434783,twenty,0110
CO,38.0517,-102.1317,0,zero,0111
CO,38.0936,-102.6306,0,zero,0112
CO,38.0636,-103.2153,0,zero,0113
CO,37.1742,-105.9392,0,zero,0114
CO,38.4858,-107.8792,0,zero,0115
CO,38.0392,-103.6933,10.20971867,twenty,0116
CO,38.0858,-106.1444,0,zero,0117
CO,40.4883,-106.8233,0,zero,0118
CO,37.9492,-107.8736,0,zero,0119
CO,37.1786,-104.4869,28.12752344,thirty,0120
CO,40.0714,-102.2325,0,zero,0121
CT,41.95,-73.3667,0,zero,0122
CT,41.3511,-72.0389,0,zero,0123
CT,41.1247,-73.5475,15.53542461,twenty,0124
CT,41.795,-72.2286,0,zero,0125
DE,39.2583,-75.5167,0,zero,0126
DE,39.6694,-75.7514,0,zero,0127
DE,39.7739,-75.5414,7.673913043,ten,0128
FL,29.7258,-85.0206,45.79028133,over30,0129
FL,27.2181,-81.8739,-12.00200303,twenty,0130
FL,27.8986,-81.8433,-9.832480818,ten,0131
FL,26.6928,-80.6711,53.97562023,over30,0132
FL,30.7244,-86.0939,-23.54447175,thirty,0133
FL,25.8489,-81.3897,0,zero,0134
FL,29.755,-81.5389,-15.03640218,twenty,0135
FL,30.6669,-81.4525,-9.003160772,ten,0136
FL,26.1019,-80.2011,0,zero,0137
FL,27.4419,-80.3508,19.69181586,twenty,0138
FL,28.8028,-82.3125,16.18925831,twenty,0139
FL,30.1853,-82.5942,-18.34015345,twenty,0140
FL,30.4653,-83.4022,0,zero,0141
FL,29.1639,-82.0778,-11.44245524,twenty,0142
FL,28.3378,-82.26,0,zero,0143
FL,28.1522,-82.7539,0,zero,0144
FL,28.6242,-80.8158,-17.79729127,twenty,0145
GA,31.5339,-84.1489,0,zero,0146
GA,31.1681,-81.5022,0,zero,0147
GA,31.1903,-84.2036,-25.58184143,thirty,0148
GA,33.5972,-83.8436,0,zero,0149
GA,34.5292,-83.99,-18.22214159,twenty,0150
GA,32.2003,-83.2058,-13.40025575,twenty,0151
GA,34.3006,-83.86,0,zero,0152
GA,31.9881,-81.9522,13.24457409,twenty,0153
GA,32.2842,-83.4681,0,zero,0154
GA,33.0831,-83.2497,17.59079284,twenty,0155
GA,32.8703,-81.9672,0,zero,0156
GA,33.4544,-84.8178,0,zero,0157
GA,30.7836,-83.5692,-20.52782987,thirty,0158
GA,34.2453,-85.1514,-18.65038278,twenty,0159
GA,32.6875,-84.5197,-11.34889378,twenty,0160
GA,31.4461,-83.4767,0,zero,0161
GA,34.5786,-83.3319,0,zero,0162
GA,33.4028,-82.6222,0,zero,0163
GA,33.7264,-82.7058,0,zero,0164
GA,31.2514,-82.3128,13.25309971,twenty,0165
GA,32.8789,-85.1808,0,zero,0166
ID,42.9536,-112.8253,0,zero,0167
ID,43.5936,-115.9236,8.695652174,ten,0168
ID,44.0425,-111.2739,11.1538512,twenty,0169
ID,44.5733,-116.6753,18.54219949,twenty,0170
ID,47.6822,-116.7967,-13.37098026,twenty,0171
ID,46.0931,-115.5356,0,zero,0172
ID,42.9403,-115.3231,22.55815513,thirty,0173
ID,42.5872,-111.7275,39.13299233,over30,0174
ID,42.5972,-114.1378,11.52685422,twenty,0175
ID,42.3528,-114.5739,0,zero,0176
ID,42.7325,-114.5192,10.63682864,twenty,0177
ID,47.5339,-116.1222,-8.511352801,ten,0178
ID,42.1231,-111.3133,16.67902813,twenty,0179
ID,43.9181,-113.6317,0,zero,0180
ID,44.5664,-113.8953,10.89763985,twenty,0181
ID,46.7281,-116.9558,9.231457801,ten,0182
ID,44.9714,-116.2933,0,zero,0183
ID,42.2342,-113.8981,0,zero,0184
ID,44.0764,-116.9311,0,zero,0185
ID,48.9994,-116.4992,0,zero,0186
ID,48.3511,-116.8353,8.301790281,ten,0187
ID,48.2942,-116.5628,9.469309463,ten,0188
IL,41.2019,-90.7417,-18.04092072,twenty,0189
IL,37.4814,-89.2344,0,zero,0190
IL,41.7806,-88.3092,0,zero,0191
IL,39.2883,-89.8703,-12.16165522,twenty,0192
IL,39.4761,-88.1653,0,zero,0193
IL,40.1389,-87.6483,-14.1112532,twenty,0194
IL,39.8289,-88.9506,-10.22785836,twenty,0195
IL,41.8472,-89.5047,-19.24249607,twenty,0196
IL,37.9878,-89.1931,0,zero,0197
IL,41.1739,-90.035,-9.888746803,ten,0198
IL,37.7408,-88.5244,-24.90993171,thirty,0199
IL,39.1611,-89.4919,0,zero,0200
IL,40.4664,-87.685,0,zero,0201
IL,39.7353,-90.2153,0,zero,0202
IL,40.5839,-90.9686,0,zero,0203
IL,40.1514,-89.3381,-15.52813299,twenty,0204
IL,42.2636,-88.6078,-10.74980786,twenty,0205
IL,38.0844,-88.5425,0,zero,0206
IL,40.9125,-89.0339,0,zero,0207
IL,40.9442,-90.6381,0,zero,0208
IL,41.8039,-89.9744,-12.59462916,twenty,0209
IL,42.0981,-89.9842,9.109974425,ten,0210
IL,38.3483,-88.8533,-24.57161125,thirty,0211
IL,38.7003,-88.0817,-10.92327366,twenty,0212
IL,41.3283,-88.9106,-12.82225064,twenty,0213
IL,39.0028,-87.6225,-12.94501279,twenty,0214
IL,39.3686,-89.0867,0,zero,0215
IL,39.6186,-87.6672,-11.71611253,twenty,0216
IL,40.8778,-88.6364,0,zero,0217
IL,40.1347,-90.4792,-19.82352941,twenty,0218
IL,38.1167,-89.7167,-17.61011822,twenty,0219
IL,40.0839,-88.2403,0,zero,0220
IL,41.5519,-89.5989,-16.82480818,twenty,0221
IL,39.4411,-90.3789,-12.63299233,twenty,0222
IL,39.4458,-88.5961,-10.46803069,twenty,0223
IN,40.1117,-85.7164,0,zero,0224
IN,41.6397,-84.9897,-12.39257321,twenty,0225
IN,40.6683,-84.9305,-9.154731458,ten,0226
IN,39.1742,-86.5214,-10.34015495,twenty,0227
IN,39.4239,-85.0128,0,zero,0228
IN,39.8667,-85.1833,-32.12731084,over30,0229
IN,39.1661,-85.9228,-14.26598465,twenty,0230
IN,40.615,-86.6661,-12.44592491,twenty,0231
IN,41.5575,-85.8825,0,zero,0232
IN,39.6439,-86.8767,-24.05030594,thirty,0233
IN,39.7858,-85.7611,-11.9629156,twenty,0234
IN,41.5422,-87.2881,-13.87991975,twenty,0235
IN,41.6117,-86.7297,-17.76598465,twenty,0236
IN,38.7369,-85.3942,-22.51438077,thirty,0237
IN,40.58,-85.6586,-9.406649616,ten,0238
IN,37.9286,-87.8956,0,zero,0239
IN,38.8894,-86.5519,-22.38618926,thirty,0240
IN,38.5556,-86.4858,0,zero,0241
IN,38.3567,-87.5906,0,zero,0242
IN,41.0664,-86.2097,-13.13299233,twenty,0243
IN,39.7594,-87.2269,0,zero,0244
IN,39.6042,-85.4528,0,zero,0245
IN,38.6158,-86.0856,-13.3540176,twenty,0246
IN,38.6886,-85.785,-14.69940971,twenty,0247
IN,38.9822,-85.8989,-20.89943182,thirty,0248
IN,38.5528,-86.7944,-13.09335038,twenty,0249
IN,38.6489,-87.1989,0,zero,0250
IN,41.1947,-87.0578,-19.04173983,twenty,0251
IN,39.9961,-86.3542,0,zero,0252
IN,41.0267,-86.5867,-13.39258312,twenty,0253
IA,41.0656,-92.7867,-17.60613811,twenty,0254
IA,43.0683,-94.3053,-11.04219949,twenty,0255
IA,41.8814,-92.2764,-12.87851662,twenty,0256
IA,43.0603,-92.6717,-10.28132992,twenty,0257
IA,40.7244,-95.0192,-13.60869565,twenty,0258
IA,41.7947,-90.2639,0,zero,0259
IA,43.4036,-94.7472,-16.6342711,twenty,0260
IA,41.0211,-91.9553,0,zero,0261
IA,42.8503,-91.8158,0,zero,0262
IA,43.2844,-93.6306,-10.92972321,twenty,0263
IA,42.5836,-94.2006,-15.93350384,twenty,0264
IA,41.3656,-93.6481,-15.92838875,twenty,0265
IA,42.5189,-93.2536,-9.634542682,ten,0266
IA,42.7817,-96.1458,-15.74168798,twenty,0267
IA,41.6381,-95.7883,0,zero,0268
IA,40.7053,-94.2428,0,zero,0269
IA,40.9486,-91.5647,-14.93094629,twenty,0270
IA,43.0453,-92.3122,0,zero,0271
IA,43.43,-96.1686,0,zero,0272
IA,42.3969,-94.6292,-17.20076726,twenty,0273
IA,42.6469,-95.1933,0,zero,0274
IA,42.0356,-92.5806,0,zero,0275
IA,41.2825,-91.7078,0,zero,0276
KS,37.1942,-99.7633,0,zero,0277
KS,39.5756,-95.1108,0,zero,0278
KS,37.2733,-99.3289,-12.52557545,twenty,0279
KS,37.1764,-94.8397,0,zero,0280
KS,38.6758,-96.5097,0,zero,0281
KS,37.8183,-96.8444,0,zero,0282
KS,38.7297,-98.225,0,zero,0283
KS,37.8428,-94.7086,-15.42966752,twenty,0284
KS,38.8586,-99.3358,0,zero,0285
KS,39.6678,-95.52,0,zero,0286
KS,37.2364,-95.7003,0,zero,0287
KS,37.9411,-101.2492,11.46930946,twenty,0288
KS,38.1817,-99.0994,0,zero,0289
KS,38.9583,-95.2514,0,zero,0290
KS,39.3256,-94.9189,0,zero,0291
KS,37.0222,-100.9294,0,zero,0292
KS,39.1972,-96.5814,0,zero,0293
KS,38.3772,-97.6097,0,zero,0294
KS,39.1247,-97.7047,0,zero,0295
KS,39.7411,-99.8361,0,zero,0296
KS,39.8189,-100.5342,0,zero,0297
KS,38.8875,-94.7603,0,zero,0298
KS,38.6133,-95.2808,0,zero,0299
KS,39.7675,-101.8067,0,zero,0300
KS,38.4747,-100.9175,0,zero,0301
KS,37.1317,-96.1861,0,zero,0302
KS,39.7772,-98.7783,0,zero,0303
KS,39.0147,-99.8722,15.60869565,twenty,0304
KY,38.4536,-82.6131,0,zero,0305
KY,36.8825,-83.8819,-13.71625874,twenty,0306
KY,37.5733,-84.2908,-17.20096154,twenty,0307
KY,38.1228,-83.5328,0,zero,0308
KY,38.2022,-84.8825,-19.53787255,twenty,0309
KY,37.2592,-85.5022,0,zero,0310
KY,37.7558,-87.6456,0,zero,0311
KY,36.8492,-87.5206,0,zero,0312
KY,37.5108,-86.2892,-18.27237852,twenty,0313
KY,38.2,-85.2,0,zero,0314
KY,38.6586,-84.6106,0,zero,0315
LA,31.3206,-92.4611,0,zero,0316
LA,30.7094,-90.525,0,zero,0317
LA,32.7314,-91.9144,-14.40432784,twenty,0318
LA,30.9594,-92.1786,0,zero,0319
LA,32.5133,-92.3486,0,zero,0320
LA,30.5272,-90.1114,0,zero,0321
LA,30.0719,-91.0278,-52.71483376,over30,0322
LA,29.8233,-91.5442,-33.41120012,over30,0323
LA,30.4183,-92.0442,0,zero,0324
LA,29.6408,-90.8161,0,zero,0325
LA,30.2003,-92.6642,-20.10997442,thirty,0326
LA,32.9081,-93.7956,0,zero,0327
LA,31.9497,-91.2336,20.63682864,thirty,0328
LA,32.0997,-91.7022,0,zero,0329
ME,45.6603,-69.812,8.19543603,ten,0330
ME,44.9197,-69.2417,0,zero,0331
ME,44.9067,-66.9919,11.08597727,twenty,0332
ME,44.6889,-70.1567,-14.41048593,twenty,0333
ME,44.2203,-69.7889,0,zero,0334
ME,44.1,-70.2167,12.85858586,twenty,0335
ME,45.6503,-68.705,0,zero,0336
ME,46.6539,-68.0089,0,zero,0337
ME,45.1569,-67.4044,0,zero,0338
MD,39.0303,-76.9314,0,zero,0339
MD,39.2167,-76.0519,0,zero,0340
MD,38.9689,-76.8042,0,zero,0341
MD,39.0847,-76.9003,0,zero,0342
MD,39.4133,-79.4,0,zero,0343
MD,38.2122,-75.6822,0,zero,0344
MD,38.7144,-76.1897,0,zero,0345
MD,38.365,-75.5892,0,zero,0346
MD,39.3333,-76.8667,0,zero,0347
MA,42.3861,-72.5375,0,zero,0348
MA,42.4833,-71.2833,0,zero,0349
MA,42.2122,-71.1136,0,zero,0350
MA,42.6992,-71.1658,0,zero,0351
MA,41.6333,-70.9333,22.23117972,thirty,0352
MA,41.9819,-70.6961,0,zero,0353
MA,42.5242,-71.1264,-8.463157895,ten,0354
MA,41.9003,-71.0658,10.56660183,twenty,0355
MI,41.9164,-84.0158,-11.02429668,twenty,0356
MI,42.58,-85.7892,-15.64271347,twenty,0357
MI,43.3864,-84.6492,0,zero,0358
MI,42.2947,-83.7108,0,zero,0359
MI,43.7072,-85.4822,0,zero,0360
MI,46.5192,-87.9858,0,zero,0361
MI,45.6528,-84.4725,0,zero,0362
MI,41.9622,-84.9925,0,zero,0363
MI,44.2839,-83.5036,0,zero,0364
MI,43.6747,-86.4239,-13.85590893,twenty,0365
MI,41.9353,-84.6411,0,zero,0366
MI,45.7858,-88.0842,0,zero,0367
MI,46.4656,-90.1892,-12.64705882,twenty,0368
MI,43.5858,-84.7697,-8.696699484,ten,0369
MI,46.4122,-86.6625,-13.87440549,twenty,0370
MI,46.3286,-85.5033,0,zero,0371
MI,43.0161,-84.18,0,zero,0372
MI,42.4014,-86.2833,-7.749855941,ten,0373
MI,46.0556,-88.6275,0,zero,0374
MN,47.2992,-96.5161,-9.749306783,ten,0375
MN,43.6064,-93.3019,-9.281329923,ten,0376
MN,48.3311,-96.8253,0,zero,0377
MN,48.7094,-94.5869,0,zero,0378
MN,44.8,-93.5833,0,zero,0379
MN,46.7047,-92.5253,0,zero,0380
MN,46.8372,-95.8372,8.994129096,ten,0381
MN,43.6447,-94.4656,0,zero,0382
MN,44.6697,-93.17,-11.73968323,twenty,0383
MN,47.5636,-95.7244,-13.05495344,twenty,0384
MN,43.7047,-92.5644,0,zero,0385
MN,47.2436,-93.4975,8.727621483,ten,0386
MN,47.2256,-95.1919,0,zero,0387
MN,47.2467,-94.2228,0,zero,0388
MN,45.1219,-95.9269,8.410485934,ten,0389
MN,44.9342,-95.7461,0,zero,0390
MN,45.8775,-93.3147,-15.75959079,twenty,0391
MN,45.5903,-95.8747,-8.281329923,ten,0392
MN,44.3006,-94.4897,-21.79622696,thirty,0393
MN,46.6694,-94.1089,0,zero,0394
MN,44.0139,-96.3258,-8.918158568,ten,0395
MN,48.8486,-95.7675,-12.74768039,twenty,0396
MN,44.3222,-93.9656,-13.4629156,twenty,0397
MN,46.7953,-93.3211,0,zero,0398
MN,47.0258,-91.6653,0,zero,0399
MN,47.0744,-94.57,0,zero,0400
MN,43.7639,-94.1661,0,zero,0401
MN,44.2992,-92.6661,-18.1713555,twenty,0402
MS,33.83,-88.5214,-23.20734269,thirty,0403
MS,34.3061,-89.9806,-16.18030691,twenty,0404
MS,34.6344,-88.5622,-16.82229803,twenty,0405
MS,31.5447,-90.4581,0,zero,0406
MS,32.6714,-90.0361,-13.6337703,twenty,0407
MS,34.1864,-90.5572,-35.33248082,over30,0408
MS,31.2503,-89.8361,0,zero,0409
MS,34.8792,-88.6178,-14.95512329,twenty,0410
MS,32.36,-89.4208,0,zero,0411
MS,33.3592,-91.06,0,zero,0412
MS,31.2547,-89.3392,-20.49744246,thirty,0413
MS,34.8039,-90.0103,0,zero,0414
MS,34.8219,-89.4347,24.08782161,thirty,0415
MS,33.0583,-89.5797,0,zero,0416
MS,31.6756,-89.1236,0,zero,0417
MS,33.1356,-89.0711,0,zero,0418
MS,31.5519,-90.1058,17.63171355,twenty,0419
MS,33.4517,-90.5097,-17.77621483,twenty,0420
MS,31.5889,-91.3408,-23.72122762,thirty,0421
MS,30.3961,-88.4781,-16.97792053,twenty,0422
MS,34.1381,-88.9983,0,zero,0423
MS,30.8408,-89.5453,0,zero,0424
MS,31.985,-90.9719,0,zero,0425
MS,33.4692,-88.7822,0,zero,0426
MS,34.3725,-89.5308,0,zero,0427
MS,34.1583,-89.6311,0,zero,0428
MS,31.6772,-88.6708,0,zero,0429
MS,31.0931,-91.2325,-13.75432692,twenty,0430
MS,32.9028,-90.3817,16.08595352,twenty,0431
MO,38.1869,-94.0281,-22.0971867,thirty,0432
MO,39.4247,-93.1331,-19.50127877,twenty,0433
MO,36.1261,-89.7,0,zero,0434
MO,38.395,-93.7711,0,zero,0435
MO,40.2394,-94.6833,-19.22250639,twenty,0436
MO,36.6206,-90.8125,-15.51534527,twenty,0437
MO,37.7922,-90.4103,0,zero,0438
MO,38.5853,-92.1825,-10.49360614,twenty,0439
MO,37.4933,-94.3147,0,zero,0440
MO,37.685,-92.6936,0,zero,0441
MO,39.1828,-93.855,-17.05798825,twenty,0442
MO,37.3908,-93.9489,-11.40409207,twenty,0443
MO,37.3036,-89.9664,-13.74936061,twenty,0444
MO,39.1756,-91.8861,0,zero,0445
MO,39.4194,-92.4369,0,zero,0446
MO,37.1542,-92.2617,0,zero,0447
MO,36.8639,-94.36,0,zero,0448
MO,37.9572,-91.7758,0,zero,0449
MO,40.2472,-93.7158,0,zero,0450
MO,39.9714,-91.8872,0,zero,0451
MO,38.9664,-93.4194,-18.50383632,twenty,0452
MO,40.475,-93.0031,0,zero,0453
MO,38.835,-91.1386,-14.71616627,twenty,0454
MT,47.4931,-112.3964,0,zero,0455
MT,45.8328,-109.9503,0,zero,0456
MT,45.6622,-111.0453,10.89514066,twenty,0457
MT,47.2194,-111.71,8.997442455,ten,0458
MT,48.5883,-109.2256,0,zero,0459
MT,47.8206,-112.1919,0,zero,0460
MT,45.2128,-112.6447,0,zero,0461
MT,45.8903,-104.5461,-6.818414322,ten,0462
MT,45.3394,-111.7111,13.52046036,twenty,0463
MT,46.8511,-108.3133,0,zero,0464
MT,48.4983,-109.8014,0,zero,0465
MT,48.7783,-114.8997,0,zero,0466
MT,47.1064,-104.7183,0,zero,0467
MT,46.2553,-114.1642,8.036781153,ten,0468
MT,44.8667,-111.3392,0,zero,0469
MT,45.9228,-108.2444,7.762161799,ten,0470
MT,45.9353,-107.1375,0,zero,0471
MT,47.3144,-106.9103,0,zero,0472
MT,48.3042,-114.2636,0,zero,0473
MT,48.4036,-115.5392,0,zero,0474
MT,48.4828,-104.4514,-8.104859335,ten,0475
MT,47.0575,-109.9514,8.281594759,ten,0476
MT,45.4856,-111.6325,0,zero,0477
MT,46.3158,-113.3,0,zero,0478
MT,46.4178,-104.5164,0,zero,0479
MT,45.1897,-109.2861,9.265339424,ten,0480
MT,47.315,-114.0983,0,zero,0481
MT,47.4536,-104.3378,0,zero,0482
MT,48.3119,-112.2492,0,zero,0483
MT,47.88,-105.3686,0,zero,0484
MT,45.2925,-111.9481,0,zero,0485
NE,41.6853,-98.0083,-14.00566435,twenty,0486
NE,42.1103,-102.8967,0,zero,0487
NE,41.0408,-96.3811,0,zero,0488
NE,42.5136,-99.0303,0,zero,0489
NE,40.3706,-95.7469,0,zero,0490
NE,40.1306,-99.8278,0,zero,0491
NE,41.6681,-103.1039,9.39769821,ten,0492
NE,41.4083,-99.675,-14.10230179,twenty,0493
NE,40.6194,-96.9469,0,zero,0494
NE,40.6742,-100.4936,0,zero,0495
NE,41.2492,-97.1328,-11.9629156,twenty,0496
NE,40.0739,-97.1669,-9.071611253,ten,0497
NE,40.6422,-97.5928,-17.82525183,twenty,0498
NE,40.5314,-97.5964,-10.03452685,twenty,0499
NE,41.4514,-97.7644,-11.56521739,twenty,0500
NE,40.9394,-100.1514,-12.87723785,twenty,0501
NE,42.6858,-103.8842,0,zero,0502
NE,42.6167,-97.2608,-22.54603581,thirty,0503
NE,40.6472,-98.3836,-16.97570332,twenty,0504
NE,40.175,-97.5903,-10.0230179,twenty,0505
NE,40.4517,-99.3803,-20.00127877,thirty,0506
NE,40.5208,-101.655,0,zero,0507
NE,41.2453,-103.6344,11.18158568,twenty,0508
NE,41.1489,-102.6361,0,zero,0509
NE,41.2808,-98.9681,-20.81174013,thirty,0510
NE,41.8292,-97.45,-22.56913799,thirty,0511
NE,40.2156,-100.6203,0,zero,0512
NE,42.9194,-101.7089,0,zero,0513
NE,40.5156,-98.9514,-9.276214834,ten,0514
NE,41.4933,-98.7747,-20.60733802,thirty,0515
NE,42.0644,-97.9667,-16.36956522,twenty,0516
NE,40.1217,-96.1558,-17.11381074,twenty,0517
NE,42.065,-100.2472,0,zero,0518
NE,40.0978,-98.5197,0,zero,0519
NE,41.2078,-98.4608,0,zero,0520
NE,40.8997,-97.0908,0,zero,0521
NE,40.6661,-96.1892,0,zero,0522
NE,40.3544,-96.1939,0,zero,0523
NE,41.7767,-96.2328,-10.87595908,twenty,0524
NE,42.2647,-96.8667,-8.594629156,ten,0525
NE,40.8639,-96.1414,-20.78312212,thirty,0526
NE,40.8678,-97.5922,0,zero,0527
NV,39.4931,-117.0675,0,zero,0528
NV,35.98,-114.8464,0,zero,0529
NV,39.4572,-118.7811,0,zero,0530
NV,40.9567,-117.4922,0,zero,0531
NV,40.1906,-118.4767,-7.617009877,ten,0532
NV,39.4136,-114.7733,22.16368286,thirty,0533
NV,38.3844,-118.1056,0,zero,0534
NV,35.4661,-114.9217,0,zero,0535
NV,41.1006,-114.9736,-23.05133523,thirty,0536
NH,43.1433,-70.95,0,zero,0537
NH,45.09,-71.2906,0,zero,0538
NH,43.7053,-72.2856,0,zero,0539
NH,42.9389,-72.3247,0,zero,0540
NJ,40.8922,-74.4033,9.019916102,ten,0541
NJ,41.0347,-74.4233,0,zero,0542
NJ,40.5631,-74.8831,-9.598465473,ten,0543
NJ,40.265,-74.5642,0,zero,0544
NJ,39.8144,-74.7883,0,zero,0545
NJ,40.2797,-74.0047,0,zero,0546
NJ,39.9511,-74.9697,25.21577797,thirty,0547
NJ,40.6036,-74.4025,0,zero,0548
NM,36.835,-108.0006,9.001278772,ten,0549
NM,35.5297,-104.0936,0,zero,0550
NM,32.3478,-104.2225,16.81841432,twenty,0551
NM,33.6308,-105.8964,0,zero,0552
NM,36.9178,-106.5781,0,zero,0553
NM,36.4661,-104.9456,9.609974425,ten,0554
NM,36.9358,-107,12.87851662,twenty,0555
NM,33.1461,-107.1844,19.86257189,twenty,0556
NM,32.7939,-108.1514,0,zero,0557
NM,34.4667,-104.2319,-23.15605629,thirty,0558
NM,32.2261,-108.0867,21.07190853,thirty,0559
NM,35.7783,-106.6872,16.05370844,twenty,0560
NM,32.6161,-106.7403,-10.59846547,twenty,0561
NM,34.7675,-106.7611,43.87305669,over30,0562
NM,33.8225,-108.9417,15.40752351,twenty,0563
NM,32.9539,-105.8225,10.10997442,twenty,0564
NM,34.5208,-106.2606,14.61892583,twenty,0565
NM,32.3789,-106.0925,0,zero,0566
NM,36.71,-105.4164,0,zero,0567
NM,35.1086,-103.3283,0,zero,0568
NM,34.9358,-104.6805,0,zero,0569
NM,34.0828,-106.8831,0,zero,0570
NM,36.3628,-104.585,-22.17462701,thirty,0571
NM,32.2822,-106.7597,18.0745398,twenty,0572
NM,35.2006,-103.6867,18.53964194,twenty,0573
NM,33.0719,-106.0411,0,zero,0574
NY,42.1014,-77.2344,0,zero,0575
NY,42.2497,-77.7583,8.789711091,ten,0576
NY,42.1003,-78.7497,-21.80561061,thirty,0577
NY,42.3108,-78.0231,-10.76214834,twenty,0578
NY,43.0303,-78.1692,0,zero,0579
NY,40.9461,-72.3069,14.75191816,twenty,0580
NY,44.8786,-73.3953,-14.50132784,twenty,0581
NY,42.7167,-74.9267,0,zero,0582
NY,42.6,-76.1833,0,zero,0583
NY,44.7192,-73.7206,-15.98337596,twenty,0584
NY,42.5656,-77.7175,-25.06393862,thirty,0585
NY,42.0628,-75.4264,0,zero,0586
NY,41.0072,-73.8344,0,zero,0587
NY,42.0997,-76.8358,-17.45268542,twenty,0588
NY,42.4497,-79.312,-12.14221612,twenty,0589
NY,43.0492,-74.3592,-10.67849211,twenty,0590
NY,42.7742,-77.6083,0,zero,0591
NY,43.755,-74.2692,-20.71867008,thirty,0592
NY,42.4492,-76.4492,0,zero,0593
NY,44.2489,-73.985,0,zero,0594
NY,44.7583,-74.6692,0,zero,0595
NY,43.0603,-74.8686,0,zero,0596
NY,43.1392,-78.6814,0,zero,0597
NY,43.7975,-75.4817,-13.97929004,twenty,0598
NY,41.7681,-74.155,29.59335038,thirty,0599
NY,42.8417,-75.7264,0,zero,0600
NY,42.5117,-75.5197,0,zero,0601
NY,44.7281,-75.4442,0,zero,0602
NY,43.4622,-76.4933,0,zero,0603
NY,41.38,-74.6847,-7.42096173,ten,0604
NY,43.0333,-73.8167,0,zero,0605
NY,40.9586,-73.1047,7.370306777,ten,0606
NY,43.9,-75.0367,-20.70716113,thirty,0607
NY,42.75,-73.6833,0,zero,0608
NY,44.2308,-74.4383,0,zero,0609
NY,44.1481,-74.9003,0,zero,0610
NY,43.9761,-75.8753,0,zero,0611
NY,41.3906,-73.9608,-9.448951049,ten,0612
NY,41.2664,-73.7975,0,zero,0613
NC,35.3992,-80.1994,-13.99872123,twenty,0614
NC,35.9086,-79.0794,0,zero,0615
NC,36.0164,-76.5517,0,zero,0616
NC,36.3097,-76.205,0,zero,0617
NC,35.0583,-78.8583,0,zero,0618
NC,36.3481,-78.4119,0,zero,0619
NC,35.3297,-82.4492,0,zero,0620
NC,35.0567,-83.1983,0,zero,0621
NC,35.1967,-77.5433,-23.16112532,thirty,0622
NC,35.915,-81.5378,0,zero,0623
NC,36.1028,-78.3039,0,zero,0624
NC,34.6269,-79.025,0,zero,0625
NC,35.7072,-82.0289,0,zero,0626
NC,35.8036,-82.6658,0,zero,0627
NC,34.9797,-80.5233,0,zero,0628
NC,34.7336,-76.7358,-9.992327366,ten,0629
NC,35.7297,-81.6728,0,zero,0630
NC,36.4992,-80.6508,-9.335038363,ten,0631
NC,36.3825,-79.6947,15.43285687,twenty,0632
NC,35.6836,-80.4822,-19.20971867,twenty,0633
NC,35.5164,-78.3458,-15.08695652,twenty,0634
NC,33.9947,-78.0078,39.7428883,over30,0635
NC,35.81,-80.8808,0,zero,0636
NC,35.8847,-77.5386,-13.88107417,twenty,0637
NC,36.3919,-81.3039,0,zero,0638
NC,35.4867,-82.9683,0,zero,0639
NC,35.6939,-77.9456,0,zero,0640
ND,48.8217,-100.4525,-7.891304348,ten,0641
ND,48.9075,-103.2936,-8.858056266,ten,0642
ND,46.8911,-102.8111,0,zero,0643
ND,47.3467,-102.5869,0,zero,0644
ND,46.05,-100.6667,0,zero,0645
ND,46.1581,-98.4,-20.1202046,thirty,0646
ND,48.4181,-97.4247,0,zero,0647
ND,47.9217,-97.0981,0,zero,0648
ND,45.9925,-102.6442,0,zero,0649
ND,47.4389,-97.0664,-10.85674937,twenty,0650
ND,46.8844,-98.685,-13.12148338,twenty,0651
ND,48.7622,-98.3447,-19.51790281,twenty,0652
ND,46.4386,-97.6856,0,zero,0653
ND,46.8128,-100.9097,0,zero,0654
ND,46.6706,-100.2294,-10.91901882,twenty,0655
ND,46.3719,-102.3164,11.86787997,twenty,0656
ND,46.5067,-99.7692,-10.1713555,twenty,0657
ND,46.5414,-102.8692,0,zero,0658
ND,46.8886,-102.3192,0,zero,0659
ND,48.3706,-100.3908,0,zero,0660
ND,46.3233,-96.6108,0,zero,0661
ND,48.6061,-100.2911,-7.636828645,ten,0662
OH,40.8128,-83.6111,0,zero,0663
OH,40.2686,-80.9981,-14.80373709,twenty,0664
OH,41.0517,-81.9361,-13.65775401,twenty,0665
OH,39.6106,-82.9547,-20.22122762,thirty,0666
OH,40.2403,-81.8711,-23.62463473,thirty,0667
OH,41.2783,-84.3847,0,zero,0668
OH,40.3175,-83.0739,-15.14279955,twenty,0669
OH,41.0461,-83.6622,0,zero,0670
OH,40.1,-84.65,0,zero,0671
OH,39.2333,-83.6092,-22.18457722,thirty,0672
OH,41.3072,-81.0133,-13.13938619,twenty,0673
OH,40.6489,-83.6061,0,zero,0674
OH,39.6522,-81.8561,-25.11733059,thirty,0675
OH,40.5375,-81.9197,13.12747178,twenty,0676
OH,40.7692,-80.8561,0,zero,0677
OH,41.2667,-82.6167,-7.443734015,ten,0678
OH,41.2667,-82.2167,-16.07723301,twenty,0679
OH,39.8386,-81.9167,-27.84335664,thirty,0680
OH,38.7569,-82.8872,0,zero,0681
OH,41.1167,-83.1667,0,zero,0682
OH,40.8333,-83.2833,-12.70769231,twenty,0683
OH,40.0986,-83.7822,0,zero,0684
OH,41.2019,-80.8106,-11.66751918,twenty,0685
OH,41.5183,-84.1453,0,zero,0686
OH,39.1114,-82.9797,0,zero,0687
OH,40.7833,-81.9167,0,zero,0688
OK,34.7864,-96.685,0,zero,0689
OK,34.5903,-99.3344,0,zero,0690
OK,34.2208,-95.615,0,zero,0691
OK,34.1772,-97.1617,0,zero,0692
OK,36.8125,-100.5308,0,zero,0693
OK,36.7236,-102.4806,8.352941176,ten,0694
OK,36.8003,-99.64,12.13152842,twenty,0695
OK,35.1756,-98.5794,-15.19963702,twenty,0696
OK,36.7672,-98.4244,0,zero,0697
OK,36.3225,-95.5808,0,zero,0698
OK,34,-96.3686,-15.39931787,twenty,0699
OK,36.4194,-97.8747,0,zero,0700
OK,35.2164,-99.8628,0,zero,0701
OK,35.6306,-98.3217,-18.98392385,twenty,0702
OK,36.5914,-101.6181,10.75831202,twenty,0703
OK,35.8161,-97.395,0,zero,0704
OK,35.585,-99.3953,-28.02091728,thirty,0705
OK,36.0942,-97.835,0,zero,0706
OK,35.0567,-96.3861,0,zero,0707
OK,36.865,-101.2103,0,zero,0708
OK,36.7222,-97.7903,0,zero,0709
OK,36.9031,-102.965,-19.85814875,twenty,0710
OK,35.8583,-97.9294,-14.19633257,twenty,0711
OK,34.6097,-98.4572,0,zero,0712
OK,34.8911,-99.5017,-13.39228111,twenty,0713
OK,35.505,-96.9772,0,zero,0714
OK,36.8833,-94.8833,-19.57761127,twenty,0715
OK,35.7781,-95.3339,0,zero,0716
OK,36.2283,-99.17,0,zero,0717
OK,36.9425,-97.0036,0,zero,0718
OK,36.1217,-98.315,0,zero,0719
OK,35.4253,-96.3033,0,zero,0720
OK,35.6239,-96.025,0,zero,0721
OK,34.7253,-97.2814,-13.9937116,twenty,0722
OK,36.6692,-96.3472,0,zero,0723
OK,36.2886,-97.2897,0,zero,0724
OK,36.1175,-97.095,0,zero,0725
OK,35.9369,-94.9644,-18.71308697,twenty,0726
OK,34.1747,-97.9964,-18.55875198,twenty,0727
OK,35.52,-98.6986,0,zero,0728
OK,35.4814,-95.2039,0,zero,0729
OR,42.2128,-122.7144,13.39386189,twenty,0730
OR,44.0569,-121.285,6.251918159,ten,0731
OR,42.03,-124.2453,0,zero,0732
OR,44.3914,-122.4811,-9.850874126,ten,0733
OR,45.2325,-120.1817,6.693094629,ten,0734
OR,44.6342,-123.19,10.16112532,twenty,0735
OR,43.7917,-123.0275,9.664706817,ten,0736
OR,42.8967,-122.1328,0,zero,0737
OR,42.9447,-117.3389,-13.42210732,twenty,0738
OR,43.6656,-123.3275,5.896419437,ten,0739
OR,45.4539,-121.1303,8.836898396,ten,0740
OR,45.5247,-123.1025,0,zero,0741
OR,42.4244,-123.3236,0,zero,0742
OR,45.4486,-122.1547,0,zero,0743
OR,45.3653,-119.5639,11.99872123,twenty,0744
OR,45.8289,-119.2636,-7.318507003,ten,0745
OR,45.6847,-121.5175,8.067774936,ten,0746
OR,42.2008,-121.7814,23.95944203,thirty,0747
OR,42.2414,-120.3678,15.34870439,twenty,0748
OR,43.265,-118.8447,-23.47851861,thirty,0749
OR,44.1792,-122.1164,0,zero,0750
OR,45.2214,-123.1622,0,zero,0751
OR,45.9428,-118.4089,0,zero,0752
OR,45.4825,-120.7236,0,zero,0753
OR,42.6922,-120.5403,0,zero,0754
OR,45.4756,-118.8253,0,zero,0755
OR,44.3022,-120.8081,0,zero,0756
OR,42.7342,-122.5164,0,zero,0757
OR,42.9506,-123.3572,17.03964194,twenty,0758
OR,45.1219,-122.07,0,zero,0759
OR,45.4539,-123.8519,0,zero,0760
OR,45.2081,-117.8758,11.27923387,twenty,0761
OR,43.9814,-117.2439,-11.97004876,twenty,0762
OR,45.5722,-117.5314,14.5747037,twenty,0763
PA,39.9353,-77.6394,0,zero,0764
PA,41.4003,-79.8306,0,zero,0765
PA,41.8511,-75.8583,0,zero,0766
PA,41.0172,-80.3614,0,zero,0767
PA,41.7394,-75.4464,0,zero,0768
PA,41.4197,-78.7492,-16.4258312,twenty,0769
PA,40.7933,-77.8672,-7.299232737,ten,0770
PA,41.0125,-75.1906,0,zero,0771
PA,41.7511,-76.4431,0,zero,0772
PA,39.915,-79.7192,0,zero,0773
PA,41.8467,-79.1494,-9.16112532,ten,0774
PA,41.7003,-77.3894,0,zero,0775
PA,39.9708,-75.635,0,zero,0776
PA,39.9167,-76.75,0,zero,0777
RI,41.4903,-71.5431,22.10613811,thirty,0778
SC,33.4925,-81.6958,20.1,thirty,0779
SC,34.5283,-82.6606,0,zero,0780
SC,32.3953,-80.6956,0,zero,0781
SC,33.3631,-81.3292,19.13802309,twenty,0782
SC,34.0906,-82.5883,0,zero,0783
SC,34.2428,-80.6564,-37.5440061,over30,0784
SC,34.7319,-79.8833,-16.78132992,twenty,0785
SC,34.6603,-82.8236,0,zero,0786
SC,33.9831,-81.0167,31.40025575,over30,0787
SC,33.8314,-79.0558,-8.414438503,ten,0788
SC,34.3011,-79.8767,0,zero,0789
SC,33.3619,-79.2239,0,zero,0790
SC,34.1997,-82.1711,0,zero,0791
SC,34.5367,-80.5972,0,zero,0792
SC,33.6775,-79.8283,0,zero,0793
SC,34.4989,-82.0219,0,zero,0794
SC,34.1942,-81.415,-27.09974425,thirty,0795
SC,34.2978,-81.6236,0,zero,0796
SC,33.4886,-80.8733,0,zero,0797
SC,33.9978,-81.7747,0,zero,0798
SC,34.635,-81.5206,0,zero,0799
SC,33.0367,-80.2325,0,zero,0800
SC,33.9364,-80.3569,-13.30179028,twenty,0801
SC,34.7544,-83.075,0,zero,0802
SC,34.3739,-81.0928,0,zero,0803
SC,34.9381,-81.0317,0,zero,0804
SC,32.6803,-80.8419,14.39258312,twenty,0805
SD,43.4892,-99.0631,-10.47826087,twenty,0806
SD,43.6514,-97.7847,-10.24424552,twenty,0807
SD,43.3056,-96.5917,-25.683858,thirty,0808
SD,44.8817,-97.7325,-13.36011905,twenty,0809
SD,43.9611,-101.8606,0,zero,0810
SD,45.0469,-101.605,0,zero,0811
SD,45.7644,-99.6353,-10.40537084,twenty,0812
SD,45.0364,-99.1342,-10.5,twenty,0813
SD,44.0686,-98.0833,0,zero,0814
SD,44.0569,-99.0719,0,zero,0815
SD,44.5222,-99.455,-8.475703325,ten,0816
SD,43.4378,-103.4739,0,zero,0817
SD,44.0122,-97.5242,-19.01023018,twenty,0818
SD,43.9072,-99.8628,0,zero,0819
SD,45.155,-98.5825,-18.2934469,twenty,0820
SD,43.2358,-97.5714,-12.47442455,twenty,0821
SD,45.2836,-96.6689,-10.62815341,twenty,0822
SD,43.8894,-100.7078,0,zero,0823
SD,44.4419,-100.4175,-12.07426222,twenty,0824
SD,44.115,-103.2828,-11.56684492,twenty,0825
SD,42.7625,-96.9194,-9.066515344,ten,0826
SD,43.4978,-100.4794,-14.70273503,twenty,0827
TN,36.5472,-87.3353,0,zero,0828
TN,34.9939,-84.3758,-22.53338574,thirty,0829
TN,35.5497,-89.7,0,zero,0830
TN,36.0147,-85.1314,0,zero,0831
TN,36.075,-87.3958,-26.36189258,thirty,0832
TN,36.4819,-87.8628,-17.34398977,twenty,0833
TN,35.6214,-88.8456,0,zero,0834
TN,35.4139,-86.8086,12.57672634,twenty,0835
TN,35.6722,-85.7811,0,zero,0836
TN,35.9203,-86.3728,0,zero,0837
TN,35.9833,-83.2008,-23.68542199,thirty,0838
TN,36.4161,-82.9839,-21.31457801,thirty,0839
TN,35.3453,-86.2089,0,zero,0840
TN,36.3925,-89.0317,0,zero,0841
TN,35.3042,-87.7592,-12.14705882,twenty,0842
TX,32.7047,-99.3011,-21.63682864,thirty,0843
TX,27.7283,-98.0678,0,zero,0844
TX,30.3764,-103.66,19.67696231,twenty,0845
TX,31.7414,-99.9764,0,zero,0846
TX,30.9844,-103.7403,-16.30263772,twenty,0847
TX,28.4575,-97.7061,0,zero,0848
TX,30.1061,-98.4286,-16.16368286,twenty,0849
TX,29.7986,-98.7353,0,zero,0850
TX,30.1592,-96.3972,-13.2455243,twenty,0851
TX,31.7383,-98.9456,11.95396419,twenty,0852
TX,33.6164,-95.0717,0,zero,0853
TX,32.1225,-96.4867,-13.25575448,twenty,0854
TX,33.6517,-101.245,0,zero,0855
TX,29.0567,-96.2319,0,zero,0856
TX,32.0628,-98.3047,0,zero,0857
TX,28.7569,-100.4792,-14.16442308,twenty,0858
TX,27.9775,-99.3847,-12.8544194,twenty,0859
TX,27.1353,-98.1203,0,zero,0860
TX,29.6339,-97.0644,0,zero,0861
TX,30.9072,-102.9153,0,zero,0862
TX,33.1678,-96.0983,0,zero,0863
TX,29.4706,-96.9397,-21.33183357,thirty,0864
TX,33.1578,-99.7456,0,zero,0865
TX,31.0717,-98.1847,-14.31656469,twenty,0866
TX,30.0592,-94.795,-17.0511509,twenty,0867
TX,30.7425,-98.6542,0,zero,0868
TX,29.6756,-97.6578,0,zero,0869
TX,32.5403,-94.3508,0,zero,0870
TX,31.1331,-102.2217,0,zero,0871
TX,31.6181,-96.4497,0,zero,0872
TX,35.6936,-100.6392,0,zero,0873
TX,34.2192,-102.7328,0,zero,0874
TX,29.7192,-98.1189,-35.37165775,over30,0875
TX,33.6744,-95.5586,0,zero,0876
TX,31.4167,-103.5,-31.49795099,over30,0877
TX,34.1892,-101.7022,0,zero,0878
TX,34.2761,-99.7578,-16.75034088,twenty,0879
TX,26.3769,-98.8117,0,zero,0880
TX,32.7131,-102.6597,0,zero,0881
TX,32.71,-100.9111,-19.56265985,twenty,0882
TX,36.3372,-102.0753,0,zero,0883
TX,31.0781,-97.3183,-26.77453219,thirty,0884
TX,32.7483,-97.77,-21.10230179,thirty,0885
UT,37.4403,-112.4819,14.33887468,twenty,0886
UT,37.6131,-109.4847,16.26512841,twenty,0887
UT,37.2825,-109.5575,0,zero,0888
UT,41.5481,-112.1106,-22.91767556,thirty,0889
UT,39.2872,-112.6519,14.63682864,twenty,0890
UT,40.1678,-110.395,-14.11523757,twenty,0891
UT,37.7686,-111.5978,32.77578743,over30,0892
UT,41.0222,-111.9353,0,zero,0893
UT,38.9664,-112.3278,-25.00767263,thirty,0894
UT,40.2842,-109.8611,14.47442455,twenty,0895
UT,38.9906,-110.1544,0,zero,0896
UT,40.4917,-111.4261,23.71062063,thirty,0897
UT,37.0286,-112.5367,0,zero,0898
UT,41.825,-111.3208,0,zero,0899
UT,39.5608,-111.8653,0,zero,0900
UT,41.7456,-111.8033,11.24808184,twenty,0901
UT,39.2583,-111.6306,-9.210997442,ten,0902
UT,38.4486,-112.2275,0,zero,0903
UT,38.5744,-109.5458,0,zero,0904
UT,41.0428,-111.6722,9.553021978,ten,0905
UT,39.7122,-111.8319,-23.40025575,thirty,0906
UT,41.2439,-111.9467,0,zero,0907
UT,37.8156,-112.4386,20.85574387,thirty,0908
UT,37.8622,-112.8292,17.84879234,twenty,0909
UT,38.7619,-112.0775,0,zero,0910
UT,37.1069,-113.5611,0,zero,0911
UT,39.2453,-112.1067,12.56993079,twenty,0912
UT,40.5453,-111.5042,24.16065045,thirty,0913
UT,40.0797,-111.6044,0,zero,0914
UT,40.5278,-112.2975,38.23657289,over30,0915
UT,40.3603,-111.8972,11.81601483,twenty,0916
UT,40.4269,-109.5531,0,zero,0917
UT,41.525,-111.1494,17.09590793,twenty,0918
UT,37.2092,-112.9814,11.72250639,twenty,0919
VT,43.3847,-72.5989,0,zero,0920
VT,43.9833,-72.45,-15.53018014,twenty,0921
VT,43.9572,-73.2106,-8.745083236,ten,0922
VT,44.9094,-72.8083,-8.185175071,ten,0923
VT,44.42,-72.0194,-13.33631714,twenty,0924
VA,37.2017,-80.4133,0,zero,0925
VA,37.0925,-81.3358,0,zero,0926
VA,38.0328,-78.5225,0,zero,0927
VA,38.4547,-78.9353,0,zero,0928
VA,36.5869,-79.3886,0,zero,0929
VA,37.3264,-78.3864,0,zero,0930
VA,37.2992,-77.2775,0,zero,0931
VA,37.9969,-79.8317,0,zero,0932
VA,37.7767,-79.4386,0,zero,0933
VA,39.0878,-77.6928,-9.011508951,ten,0934
VA,36.7381,-82.9967,0,zero,0935
VA,38.2322,-78.1203,-11.36828645,twenty,0936
VA,36.9769,-79.8961,0,zero,0937
VA,38.1692,-79.0844,-13.27365729,twenty,0938
VA,37.3017,-76.7039,0,zero,0939
VA,38.8969,-78.4678,-11.50383632,twenty,0940
WA,46.9658,-123.8292,-7.092071611,ten,0941
WA,48.9775,-122.7928,-12.98965574,twenty,0942
WA,47.1694,-122.0036,8.954807692,ten,0943
WA,47.4144,-121.7561,-7.506393862,ten,0944
WA,46.72,-122.9528,0,zero,0945
WA,48.9672,-122.3292,0,zero,0946
WA,47.1889,-120.9131,-7.198347913,ten,0947
WA,48.5558,-119.7492,7.7129559,ten,0948
WA,47.6575,-118.1614,0,zero,0949
WA,46.3153,-118.0022,0,zero,0950
WA,46.9692,-120.54,0,zero,0951
WA,47.9753,-122.195,13.9488491,twenty,0952
WA,47.9558,-124.3539,0,zero,0953
WA,46.2111,-119.1011,8.228900256,ten,0954
WA,46.1506,-122.9164,5.867007673,ten,0955
WA,47.1358,-122.2558,0,zero,0956
WA,48.8742,-117.8667,-10.65218834,twenty,0957
WA,47.3328,-118.6944,0,zero,0958
WA,48.6117,-122.8064,14.47570332,twenty,0959
WA,46.4672,-117.5883,0,zero,0960
WA,48.1139,-123.4317,0,zero,0961
WA,48.1161,-122.7586,0,zero,0962
WA,46.7603,-117.1861,13.07204368,twenty,0963
WA,47.1178,-118.3722,0,zero,0964
WA,47.0933,-117.5878,0,zero,0965
WA,48.4958,-122.2355,0,zero,0966
WA,47.5414,-121.8361,0,zero,0967
WA,48.3508,-120.7264,19.21475912,twenty,0968
WA,46.3236,-120.0103,0,zero,0969
WA,45.6778,-122.6511,0,zero,0970
WA,47.6497,-120.08,8.395140665,ten,0971
WA,47.4289,-120.31,10.72762148,twenty,0972
WA,47.7681,-118.7239,9.113810742,ten,0973
WA,48.4742,-120.1886,0,zero,0974
WV,38.9803,-80.22,0,zero,0975
WV,38.9339,-80.8325,0,zero,0976
WV,37.8564,-80.4042,0,zero,0977
WV,39.1031,-79.6658,-10.48774615,twenty,0978
WV,37.5742,-81.5356,-32.14973262,over30,0979
WV,38.8008,-81.3583,0,zero,0980
WV,38.5278,-81.9153,0,zero,0981
WI,46.5831,-90.9678,0,zero,0982
WI,42.6181,-89.3861,-8.595907928,ten,0983
WI,42.6781,-90.1064,0,zero,0984
WI,43.7953,-88.4533,-18.89897698,twenty,0985
WI,44.1186,-89.5358,-11.07672634,twenty,0986
WI,42.8278,-90.7889,-18.47826087,twenty,0987
WI,44.0869,-87.6522,0,zero,0988
WI,44.6411,-90.1333,0,zero,0989
WI,45.1308,-90.3439,0,zero,0990
WI,43.0719,-88.0294,0,zero,0991
WI,45.8864,-89.7322,0,zero,0992
WI,44.5378,-90.535,-10.83759591,twenty,0993
WI,44.3589,-88.7189,-16.40940308,twenty,0994
WI,44.8919,-87.955,-14.79028133,twenty,0995
WI,44.0206,-88.5581,0,zero,0996
WI,43.5278,-89.4342,0,zero,0997
WI,43.0514,-91.135,-19.58695652,twenty,0998
WI,42.7022,-87.7861,-21.27792293,thirty,0999
WI,45.8236,-91.8761,0,zero,1000
WI,44.9528,-90.9269,-10.78562697,twenty,1001
WI,43.5594,-90.8761,-17.62659847,twenty,1002
WI,43.1742,-88.7364,-17.73529412,twenty,1003
WY,43.7728,-111.0339,0,zero,1004
WY,44.38,-108.035,0,zero,1005
WY,41.7594,-104.8222,0,zero,1006
WY,44.5147,-109.045,0,zero,1007
WY,44.8711,-104.1533,0,zero,1008
WY,43.2281,-108.9489,0,zero,1009
WY,43.5397,-109.6553,0,zero,1010
WY,41.265,-110.9508,-9.387202569,ten,1011
WY,41.5167,-109.4703,0,zero,1012
WY,44.5619,-110.3986,8.211210774,ten,1013
WY,42.7506,-104.4811,-11.82885976,twenty,1014
WY,43.4131,-106.2772,-13.71231142,twenty,1015
WY,43.8567,-110.5889,15.49488491,twenty,1016
WY,43.8497,-104.1886,14.54347826,twenty,1017
WY,43.2458,-108.6942,0,zero,1018
WY,42.8747,-109.8592,0,zero,1019
WY,43.0308,-108.3742,0,zero,1020
WY,41.4528,-106.8053,0,zero,1021
WY,44.8406,-106.8383,0,zero,1022
WY,42.0803,-104.2236,0,zero,1023
WY,42.1106,-104.9492,0,zero,1024
WY,44.0108,-107.9686,14.77493606,twenty,1025
WY,44.9767,-110.6964,9.040920716,ten,1026
GA,32.13,-81.21,0,zero,1027
SC,34.8831,-82.2203,22.25770037,thirty,1028
OK,36.7683,-96.0261,0,zero,1029
NY,42.1997,-75.985,0,zero,1030
FL,26.585,-81.8614,16.47628872,twenty,1031
FL,24.555,-81.7522,0,zero,1032
TX,29.5442,-98.4839,15.14194373,twenty,1033
TX,27.7839,-97.5108,23.21611253,thirty,1034
LA,29.9167,-90.1303,31.90792839,over30,1035
NC,35.3444,-77.9647,0,zero,1036
NJ,39.3792,-74.4242,0,zero,1037
WV,39.4019,-77.9844,0,zero,1038
VA,36.9033,-76.1922,0,zero,1039
SC,32.78,-79.9319,0,zero,1040
AL,34.7442,-87.5997,0,zero,1041
FL,30.4781,-87.1869,0,zero,1042
LA,30.5372,-91.1469,0,zero,1043
LA,30.205,-91.9875,0,zero,1044
KS,37.155,-98.0283,0,zero,1045
NY,42.9486,-78.7369,-8.113810742,ten,1046
NY,42.7431,-73.8092,0,zero,1047
PA,40.6508,-75.4492,0,zero,1048
VT,44.4683,-73.15,0,zero,1049
NY,44.5772,-75.1097,0,zero,1050
NY,41.6267,-73.8842,0,zero,1051
ME,43.6497,-70.3003,0,zero,1052
RI,41.7219,-71.4325,8.960358056,ten,1053
NY,43.1167,-77.6767,-10.85805627,twenty,1054
NY,43.1111,-76.1039,0,zero,1055
PA,41.2433,-76.9217,0,zero,1056
MI,42.6083,-82.8183,0,zero,1057
PA,42.08,-80.1825,0,zero,1058
MN,44.8831,-93.2289,0,zero,1059
ND,48.9711,-97.2417,-14.31074169,twenty,1060
SD,45.4558,-98.4131,-14.23913043,twenty,1061
SD,44.9047,-97.1494,-9.50511509,ten,1062
NM,33.3075,-104.5083,17.54067025,twenty,1063
TX,31.8111,-106.3758,12.51023018,twenty,1064
NM,36.4486,-103.1539,22.02803447,thirty,1065
UT,38.3706,-110.7153,24.78848906,thirty,1066
UT,37.7981,-113.9256,0,zero,1067
CA,34.7675,-114.6189,11.34398977,twenty,1068
NV,39.4839,-119.7711,16.72122762,twenty,1069
WY,41.1519,-104.8061,11.60102302,twenty,1070
WY,41.3119,-105.6747,7.492327366,ten,1071
SD,44.3814,-100.2856,0,zero,1072
WY,41.5944,-109.0528,12.21494268,twenty,1073
MT,46.4267,-105.8825,0,zero,1074
NV,40.6117,-116.8917,21.81329923,thirty,1075
NV,40.8289,-115.7886,0,zero,1076
NV,40.9017,-117.8081,9.827365729,ten,1077
OR,44.8428,-117.8086,6.003836317,ten,1078
MT,48.6033,-112.3753,8.988491049,ten,1079
MT,47.4733,-111.3822,9.754475703,ten,1080
MT,46.6056,-111.9636,17.59335038,twenty,1081
ID,46.3747,-117.0156,10.48081841,twenty,1082
ID,42.1492,-112.2872,0,zero,1083
WA,47.6217,-117.5281,0,zero,1084
WA,46.0947,-118.2869,0,zero,1085
UT,40.7206,-114.0358,0,zero,1086
CA,40.8097,-124.1603,23.77365729,thirty,1087
OR,43.4133,-124.2436,13.70971867,twenty,1088
OR,44.6431,-124.0556,0,zero,1089
CA,36.78,-119.7194,9.210997442,ten,1090
NC,35.2325,-75.6219,14.88410286,twenty,1091
FL,30.3975,-84.3289,29.45907928,thirty,1092
AL,33.2119,-87.6161,0,zero,1093
KY,36.9647,-86.4239,0,zero,1094
OK,34.9894,-99.0525,0,zero,1095
MT,48.2138,-106.6213,0,zero,1096
OR,46.1569,-123.8825,0,zero,1097
NY,40.7789,-73.9692,0,zero,1098
NY,43.145,-75.3839,0,zero,1099
MN,46.9006,-95.0678,0,zero,1100